acc,auc,f1,f1_att,f1_neu,f1_sup,loss,prec,prec_att,prec_neu,prec_sup,recl,recl_att,recl_neu,recl_sup
0.8640389173007359,0.9589011468510237,0.8198048582535556,0.7606454504706409,0.991997999499875,0.7067711247901511,0.29916863230835006,0.8231395527498347,0.7258340461933276,0.9922461230615308,0.7513384889946461,0.8193030490467904,0.7989642184557438,0.99175,0.6671949286846276
