acc,auc,f1,f1_att,f1_neu,f1_sup,loss,prec,prec_att,prec_neu,prec_sup,recl,recl_att,recl_neu,recl_sup
0.8024535133045099,0.9289998546368037,0.7452467521003839,0.6801202806548614,0.9313395391826764,0.6242804364636138,0.6156262957672186,0.7639637348557984,0.6931353854535549,0.8780654798954314,0.7206903392184091,0.7365673277106204,0.667584940312213,0.9914956423952769,0.550621400424371
