acc,acc_std,auc,auc_std,f1,f1_std,f1_att,f1_att_std,f1_neu,f1_neu_std,f1_sup,f1_sup_std,loss,loss_std,prec,prec_std,prec_att,prec_att_std,prec_neu,prec_neu_std,prec_sup,prec_sup_std,recl,recl_std,recl_att,recl_att_std,recl_neu,recl_neu_std,recl_sup,recl_sup_std
0.8024535133045099,0.0,0.9289998546368037,0.0,0.7452467521003839,0.0,0.6801202806548614,0.0,0.9313395391826764,0.0,0.6242804364636138,0.0,0.6156262957672186,0.0,0.7639637348557984,0.0,0.6931353854535549,0.0,0.8780654798954314,0.0,0.7206903392184091,0.0,0.7365673277106204,0.0,0.667584940312213,0.0,0.9914956423952769,0.0,0.550621400424371,0.0
