acc,acc_std,auc,auc_std,f1,f1_std,f1_att,f1_att_std,f1_neu,f1_neu_std,f1_sup,f1_sup_std,loss,loss_std,prec,prec_std,prec_att,prec_att_std,prec_neu,prec_neu_std,prec_sup,prec_sup_std,recl,recl_std,recl_att,recl_att_std,recl_neu,recl_neu_std,recl_sup,recl_sup_std
0.8640389173007359,0.0,0.9589011468510237,0.0,0.8198048582535556,0.0,0.7606454504706409,0.0,0.991997999499875,0.0,0.7067711247901511,0.0,0.29916863230835006,0.0,0.8231395527498347,0.0,0.7258340461933276,0.0,0.9922461230615308,0.0,0.7513384889946461,0.0,0.8193030490467904,0.0,0.7989642184557438,0.0,0.99175,0.0,0.6671949286846276,0.0
